<application>
  <component name="ProjectManager">
    <defaultProject>
      <component name="CMakeSettings" AUTO_RELOAD="true">
        <configurations>
          <configuration PROFILE_NAME="Debug" CONFIG_NAME="Debug" ENABLED="true" />
        </configurations>
      </component>
      <component name="ProjectRootManager" version="2" project-jdk-name="Python 3.8 (venv)" project-jdk-type="Python SDK" />
      <component name="PropertiesComponent">
        <property name="settings.editor.selected.configurable" value="reference.settingsdialog.IDE.editor.colors.TypeScript" />
      </component>
    </defaultProject>
  </component>
</application>