<application>
  <component name="libraryTable">
    <library name="socket.io" type="javaScript">
      <properties>
        <sourceFilesUrls>
          <item url="file://$APPLICATION_CONFIG_DIR$/javascript/extLibs/http_cdn.socket.io_3.1.1_socket.io.js" />
        </sourceFilesUrls>
      </properties>
      <CLASSES>
        <root url="file://$APPLICATION_CONFIG_DIR$/javascript/extLibs/http_cdn.socket.io_3.1.1_socket.io.js" />
      </CLASSES>
      <SOURCES />
    </library>
    <library name="socket.io-3.0.0" type="javaScript">
      <properties>
        <sourceFilesUrls>
          <item url="file://$APPLICATION_CONFIG_DIR$/javascript/extLibs/http_cdn.socket.io_socket.io-3.0.0.js" />
        </sourceFilesUrls>
      </properties>
      <CLASSES>
        <root url="file://$APPLICATION_CONFIG_DIR$/javascript/extLibs/http_cdn.socket.io_socket.io-3.0.0.js" />
      </CLASSES>
      <SOURCES />
    </library>
  </component>
</application>