<application>
  <component name="Atom Icon Associations Config">
    <option name="customFileAssociations">
      <CustomAssociations>
        <option name="customAssociations">
          <RegexAssociation>
            <option name="matcher" value=".*\.module\.ts$" />
            <option name="pattern" value=".*\.module\.ts$" />
            <option name="name" value="NestJs Module" />
            <option name="icon" value="$USER_HOME$/Downloads/Cloud/Assests/Nest/nest-modules.svg" />
          </RegexAssociation>
          <RegexAssociation>
            <option name="matcher" value=".*\.service\.ts$" />
            <option name="pattern" value=".*\.service\.ts$" />
            <option name="name" value="NestJS Service" />
            <option name="icon" value="$USER_HOME$/Downloads/Cloud/Assests/Nest/nest-services.svg" />
          </RegexAssociation>
          <RegexAssociation>
            <option name="matcher" value=".*\.controller\.ts$" />
            <option name="pattern" value=".*\.controller\.ts$" />
            <option name="name" value="NestJs Controller" />
            <option name="icon" value="$USER_HOME$/Downloads/Cloud/Assests/Nest/nest-controllers.svg" />
          </RegexAssociation>
          <RegexAssociation>
            <option name="matcher" value=".*\.pipe\.ts$" />
            <option name="pattern" value=".*\.pipe\.ts$" />
            <option name="name" value="NestJs Pipes" />
            <option name="icon" value="$USER_HOME$/Downloads/Cloud/Assests/Nest/nest-pipes.svg" />
          </RegexAssociation>
          <RegexAssociation>
            <option name="matcher" value=".*\.guard\.ts$" />
            <option name="pattern" value=".*\.guard\.ts$" />
            <option name="name" value="NestJs Guard" />
            <option name="icon" value="$USER_HOME$/Downloads/Cloud/Assests/Nest/nest-pipes.svg" />
          </RegexAssociation>
          <RegexAssociation>
            <option name="matcher" value=".*\.interceptor\.ts$" />
            <option name="pattern" value=".*\.interceptor\.ts$" />
            <option name="name" value="NestJs Interceptors" />
            <option name="icon" value="$USER_HOME$/Downloads/Cloud/Assests/Nest/nest-middleware.svg" />
          </RegexAssociation>
          <RegexAssociation>
            <option name="matcher" value=".*\.middleware\.ts$" />
            <option name="pattern" value=".*\.middleware\.ts$" />
            <option name="name" value="NestJs Middleware" />
            <option name="icon" value="$USER_HOME$/Downloads/Cloud/Assests/Nest/nest-middleware.svg" />
          </RegexAssociation>
          <RegexAssociation>
            <option name="matcher" value="^yarn\.lock$" />
            <option name="pattern" value="^yarn\.lock$" />
            <option name="name" value="Yarn" />
            <option name="icon" value="$USER_HOME$/Downloads/Cloud/Assests/Nest/yarn.svg" />
          </RegexAssociation>
        </option>
      </CustomAssociations>
    </option>
  </component>
</application>