<application>
  <component name="ProjectManager">
    <defaultProject>
      <component name="EslintConfiguration">
        <option name="fix-on-save" value="true" />
      </component>
      <component name="PropertiesComponent">
        <property name="js.linters.configure.manually.selectedeslint" value="true" />
        <property name="node.js.path.for.package.eslint" value="project" />
        <property name="node.js.path.for.package.standard" value="project" />
        <property name="node.js.selected.package.eslint" value="(autodetect)" />
        <property name="node.js.selected.package.standard" value="" />
        <property name="settings.editor.selected.configurable" value="editing.templates" />
      </component>
    </defaultProject>
  </component>
</application>