<application>
  <component name="libraryTable">
    <library name="Python 3.8 (venv) interpreter library">
      <CLASSES>
        <root url="file:///Library/Frameworks/Python.framework/Versions/3.8/lib/python3.8" />
        <root url="file:///Library/Frameworks/Python.framework/Versions/3.8/lib/python3.8/lib-dynload" />
        <root url="file://$USER_HOME$/venv/lib/python3.8/site-packages" />
        <root url="file://$USER_HOME$/Library/Caches/JetBrains/CLion2020.2/python_stubs/1088925354" />
        <root url="file://$APPLICATION_HOME_DIR$/plugins/python-ce/helpers/python-skeletons" />
        <root url="file://$APPLICATION_HOME_DIR$/plugins/python-ce/helpers/typeshed/stdlib/3.7" />
        <root url="file://$APPLICATION_HOME_DIR$/plugins/python-ce/helpers/typeshed/stdlib/3" />
        <root url="file://$APPLICATION_HOME_DIR$/plugins/python-ce/helpers/typeshed/stdlib/2and3" />
        <root url="file://$APPLICATION_HOME_DIR$/plugins/python-ce/helpers/typeshed/third_party/3" />
        <root url="file://$APPLICATION_HOME_DIR$/plugins/python-ce/helpers/typeshed/third_party/2and3" />
      </CLASSES>
      <SOURCES>
        <root url="file:///Library/Frameworks/Python.framework/Versions/3.8/lib/python3.8" />
        <root url="file:///Library/Frameworks/Python.framework/Versions/3.8/lib/python3.8/lib-dynload" />
        <root url="file://$USER_HOME$/venv/lib/python3.8/site-packages" />
        <root url="file://$USER_HOME$/Library/Caches/JetBrains/CLion2020.2/python_stubs/1088925354" />
        <root url="file://$APPLICATION_HOME_DIR$/plugins/python-ce/helpers/python-skeletons" />
        <root url="file://$APPLICATION_HOME_DIR$/plugins/python-ce/helpers/typeshed/stdlib/3.7" />
        <root url="file://$APPLICATION_HOME_DIR$/plugins/python-ce/helpers/typeshed/stdlib/3" />
        <root url="file://$APPLICATION_HOME_DIR$/plugins/python-ce/helpers/typeshed/stdlib/2and3" />
        <root url="file://$APPLICATION_HOME_DIR$/plugins/python-ce/helpers/typeshed/third_party/3" />
        <root url="file://$APPLICATION_HOME_DIR$/plugins/python-ce/helpers/typeshed/third_party/2and3" />
      </SOURCES>
    </library>
  </component>
</application>