<application>
  <component name="Atom Icon Associations Config">
    <option name="customFileAssociations">
      <CustomAssociations>
        <option name="customAssociations">
          <RegexAssociation>
            <option name="matcher" value="^yarn\.lock$" />
            <option name="pattern" value="^yarn\.lock$" />
            <option name="name" value="Yarn" />
            <option name="icon" value="$USER_HOME$/Downloads/Cloud/Assests/Nest/yarn.svg" />
          </RegexAssociation>
          <RegexAssociation>
            <option name="matcher" value="^index\.html$" />
            <option name="pattern" value="^index\.html$" />
            <option name="name" value="Index HTML" />
            <option name="icon" value="$USER_HOME$/Downloads/Cloud/Assests/Nest/html.svg" />
          </RegexAssociation>
          <RegexAssociation>
            <option name="matcher" value="^index\.(ts|js)$" />
            <option name="pattern" value="^index\.(ts|js)$" />
            <option name="name" value="Index Node" />
            <option name="icon" value="$USER_HOME$/Downloads/Cloud/Assests/Nest/node.svg" />
          </RegexAssociation>
          <RegexAssociation>
            <option name="matcher" value=".*\.(controller|pipes|guard|middleware|service|module|interceptor)\.ts$" />
            <option name="pattern" value=".*\.(controller|pipes|guard|middleware|service|module|interceptor)\.ts$" />
            <option name="name" value="NestJS" />
            <option name="icon" value="$USER_HOME$/Downloads/Cloud/Assests/Nest/nest-pipes.svg" />
          </RegexAssociation>
        </option>
      </CustomAssociations>
    </option>
  </component>
</application>